{"val/loss": 0.08774242550134659, "val/acc": 0.9760000109672546, "val/acc_best": 0.9775999784469604, "epoch": 6, "trainer/global_step": 4300, "_timestamp": 1667632640.600492, "_runtime": 221.35953092575073, "_step": 20, "train/loss": 0.0206510741263628, "train/acc": 0.9931454658508301, "test/loss": 0.07514730095863342, "test/acc": 0.9776999950408936, "_wandb": {"runtime": 220}}