{"val/loss": 1.037056803703308, "val/auc": 0.7062459588050842, "val/auc_best": 0.778059184551239, "epoch": 2, "trainer/global_step": 17770, "_timestamp": 1668566219.8883114, "_runtime": 8249.72962641716, "_step": 20, "train/loss": 0.29632407426834106, "train/auc": 0.8785614967346191, "test/loss": 0.4587740898132324, "test/auc": 0.8048410415649414, "_wandb": {"runtime": 8249}}